bibcode,title
2023ApJ...955L..12B,Sizes and Mass Profiles of Candidate Massive Galaxies Discovered by JWST at 7 &lt; z &lt; 9: Evidence for Very Early Formation of the Central 100 pc of Present-day Ellipticals
2023ApJ...957L..15T,"Spatial Extent of Molecular Gas, Dust, and Stars in Massive Galaxies at z ∼ 2.2-2.5 Determined with ALMA and JWST"
2024A&A...682L..17X,JWST reveals a high fraction of disk breaks at 1 ≤ z ≤ 3
2024A&A...683L...4J,Cosmic Vine: A z = 3.44 large-scale structure hosting massive quiescent galaxies
2024A&A...685A..25A,"Tracing the rise of supermassive black holes. A panchromatic search for faint, unobscured quasars at z ≳ 6 with COSMOS-Web and other surveys"
2024A&A...686A..63G,Outshining in the spatially resolved analysis of a strongly lensed galaxy at z = 6.072 with JWST NIRCam
2024A&A...687L..11S,Discovery of a new N-emitter in the epoch of reionization
2024A&A...690A..70T,Uncovering the physical origin of the prominent Lyman-α emission and absorption in GS9422 at z = 5.943
2024A&A...691A..52K,Deciphering the JWST spectrum of a 'little red dot' at z ∼ 4.53: An obscured AGN and its star-forming host
2024A&A...691A..69R,An optically dark merging system at z ∼ 6 detected by JWST
2024A&A...691A.299G,"The structure of massive star-forming galaxies from JWST and ALMA: Dusty, high-redshift disc galaxies"
2024A&A...691A.310K,Strong Balmer break objects at z ∼ 7─10 uncovered with JWST
2024ApJ...960L..10L,The Thickness of Galaxy Disks from z = 5 to 0 Probed by JWST
2024ApJ...964L..10W,Remarkably Compact Quiescent Candidates at 3 &lt; z &lt; 5 in JWST-CEERS
2024ApJ...967L..23C,Two Distinct Classes of Quiescent Galaxies at Cosmic Noon Revealed by JWST PRIMER and UNCOVER
2024ApJ...968...15L,JWST and ALMA Discern the Assembly of Structural and Obscured Components in a High-redshift Starburst Galaxy
2024ApJ...968...38K,A Census of Photometrically Selected Little Red Dots at 4 &lt; z &lt; 9 in JWST Blank Fields
2024ApJ...969L..13W,RUBIES: Evolved Stellar Populations with Extended Formation Histories at z ∼ 7─8 in Candidate Massive Galaxies Identified with JWST/NIRSpec
2024ApJ...972..134M,The Size─Mass Relation at Rest-frame 1.5 μm from JWST/NIRCam in the COSMOS-WEB and PRIMER-COSMOS Fields
2024ApJ...973...47A,JWST NIRSpec High-resolution Spectroscopy of MACS0647─JD at z = 10.167: Resolved [O II] Doublet and Electron Density in an Early Galaxy
2024ApJ...974..145S,"UNCOVER NIRSpec/PRISM Spectroscopy Unveils Evidence of Early Core Formation in a Massive, Centrally Dusty Quiescent Galaxy at z <SUB>spec</SUB> = 3.97"
2024ApJ...974L..28B,JWST Reveals Bulge-dominated Star-forming Galaxies at Cosmic Noon
2024ApJ...975..178K,Silencing the Giant: Evidence of Active Galactic Nucleus Feedback and Quenching in a Little Red Dot at z = 4.13
2024ApJ...975..208T,JWST/NIRSpec Observations of Lyman α Emission in Star-forming Galaxies at 6.5 ≲ z ≲ 13
2024ApJ...976...70L,The ALMA-CRISTAL Survey: Spatially Resolved Star Formation Activity and Dust Content in 4 &lt; z &lt; 6 Star-forming Galaxies
2024ApJ...976..101S,"Medium Bands, Mega Science: A JWST/NIRCam Medium-band Imaging Survey of A2744"
2024ApJ...977L..13B,"The Small Sizes and High Implied Densities of ""Little Red Dots"" with Balmer Breaks Could Explain Their Broad Emission Lines without an Active Galactic Nucleus"
2024MNRAS.529.4728D,Adding value to JWST spectra and photometry: stellar population and star formation properties of spectroscopically confirmed JADES and CEERS galaxies at z &gt; 7
2024MNRAS.531..997C,The ultraviolet continuum slopes of high-redshift galaxies: evidence for the emergence of dust-free stellar populations at z &gt; 10
2024MNRAS.533.1808W,Galaxy build-up in the first 1.5 Gyr of cosmic history: insights from the stellar mass function at z   4-9 from JWST NIRCam observations
2024MNRAS.534..523C,Nebular dominated galaxies: insights into the stellar initial mass function at high redshift
2024MNRAS.534.3552S,JWST/NIRSpec spectroscopy of intermediate-mass quiescent galaxies at z   3-4
2024arXiv240116451W,"Planet Occurrence from Doppler and transit surveys, 2nd ed"
2024arXiv241001874N,All the Little Things in Abell 2744: $&gt;$1000 Gravitationally Lensed Dwarf Galaxies at $z=0-9$ from JWST NIRCam Grism Spectroscopy
2024arXiv241202527T,The Multimodal Universe: Enabling Large-Scale Machine Learning with 100TB of Astronomical Scientific Data
2025A&A...693A..60H,The JWST-PRIMAL archival survey: A JWST/NIRSpec reference sample for the physical properties and Lyman-α absorption and emission of ∼600 galaxies at z = 5.0 − 13.4
2025A&A...693A.309S,Behind the dust veil: A panchromatic view of an optically dark galaxy at z = 4.82
2025A&A...695A..20S,COSMOS-Web: Stellar mass assembly in relation to dark matter halos across 0.2 &lt; z &lt; 12 of cosmic history
2025A&A...695A..90G,The mass-dependent UVJ diagram at cosmic noon: A challenge for galaxy evolution models and dust radiative transfer
2025A&A...696A..57O,MIRI Deep Imaging Survey (MIDIS) of the Hubble Ultra Deep Field: Survey description and early results for the galaxy population detected at 5.6 μm
2025A&A...696A.193B,A panchromatic view of N2CLS GOODS-N: The evolution of the dust cosmic density since z ∼ 7
2025A&A...697A.111I,A merging pair of massive quiescent galaxies at z = 3.44 in the Cosmic Vine
2025A&A...697A.160C,Performance of photometric template fitting for ultra-high-redshift galaxies
2025A&A...697A.189D,RUBIES: A complete census of the bright and red distant Universe with JWST/NIRSpec
2025A&A...697L...1R,Galactic warps: From cosmic noon to the current epoch
2025A&A...698A..30A,Galaxy size and mass build-up in the first 2 Gyr of cosmic history from multi-wavelength JWST NIRCam imaging
2025A&A...698A.227F,Investigating photometric and spectroscopic variability in the multiply imaged little red dot A2744-QSO1
2025A&A...698A.234D,Evolution of the UV slope of galaxies at cosmic morning (z &gt; 4): The properties of extremely blue galaxies
2025A&A...698A.302L,The ionizing photon production efficiency of star-forming galaxies at z ∼ 4─10
2025A&A...699A..80H,"The ALMA-CRISTAL survey: Gas, dust, and stars in star-forming galaxies when the Universe was ∼1 Gyr old: I. Survey overview and case studies"
2025A&A...699A.164S,Dark matter fraction in disk-like galaxies over the past 10 Gyr
2025A&A...699A.231S,Constraints on the early Universe star formation efficiency from galaxy clustering and halo modeling of Hα and [O III] emitters
2025A&A...699A.343G,DAWN JWST Archive: Morphology from profile fitting of over 340 000 galaxies in major JWST fields: Morphology evolution with redshift and galaxy type
2025A&A...699A.358V,Gas outflows in two recently quenched galaxies at z = 4 and 7
2025A&A...700A..12M,"Narrow-line AGN selection in CEERS: Spectroscopic selection, physical properties, and X-ray and radio analysis"
2025A&A...700A..42E,Galaxy morphologies at cosmic noon with JWST: A foundation for exploring gas transport with bars and spiral arms
2025A&A...700A.231X,No [C II] or dust detection in two Little Red Dots at z<SUB>spec</SUB>&gt; 7
2025A&A...700A.277C,Dust emission from the bulk of galaxies in the Epoch of Reionisation
2025A&A...701A..30V,Even redder than we knew: Color and A<SUB>V</SUB> evolution up to z = 2.5 from JWST/NIRCam photometry
2025A&A...701A.168D,"A remarkable ruby: Absorption in dense gas, rather than evolved stars, drives the extreme Balmer break of a little red dot at z = 3.5"
2025A&A...701A.260L,The ALMA-CRISTAL survey: Resolved kinematic studies of main sequence star-forming galaxies at 4 &lt; z &lt; 6
2025A&A...702A...3G,He II emitters at cosmic noon and beyond: Characterising the He II λ1640 emission with MUSE and JWST/NIRSpec
2025A&A...702A..33M,Unveiling the trends between dust attenuation and galaxy properties at z ∼ 2−12 with the James Webb Space Telescope
2025A&A...702A..57H,RUBIES: A spectroscopic census of little red dots: All point sources with v-shaped continua have broad lines
2025A&A...702A.110S,Fast rotators at cosmic noon: Stellar kinematics for 15 quiescent galaxies from JWST-SUSPENSE
2025A&A...702A.270B,Exploring over 700 massive quiescent galaxies at z = 2─7: Demographics and stellar mass functions
2025A&A...703A.208C,MARTA: Temperature-temperature relationships and strong-line metallicity calibrations from multiple auroral-line detections at cosmic noon
2025A&A...704A.100G,MIDIS: Quantifying the active galactic nucleus component of X-ray-detected galaxies
2025A&A...704A.147V,Transforming Galaxies with EASE: Widespread structural changes enabled by short-lived spirals
2025A&A...704A.158C,Pushing JWST to the extremes: Search and scrutiny of bright galaxy candidates at z ≃ 15─30
2025A&A...704A.313D,"Active galactic nuclei-heated dust revealed in ""little red dots"""
2025A&A...704A.329P,NOEMA<SUP>3D</SUP>: A first kiloparsec resolution study of a z ∼ 1.5 main sequence barred galaxy channeling gas into a growing bulge
2025A&A...704A.339S,"COSMOS2025: The COSMOS-Web galaxy catalog of photometry, morphology, redshifts, and physical parameters from JWST, HST, and ground-based imaging"
2025A&G....66..1.4B,News in Astronomy &amp; Geophysics ─ February 2025
2025ApJ...978..131W,Ejective Feedback as a Quenching Mechanism in the First 1.5 Billion Years of the Universe: Detection of Neutral Gas Outflow in a z = 4 Recently Quenched Galaxy
2025ApJ...978..136S,Unveiling the Cosmic Chemistry: Revisiting the Mass─Metallicity Relation with JWST/NIRSpec at 4 &lt; z &lt; 10
2025ApJ...979..140W,The PANORAMIC Survey: Pure Parallel Wide Area Legacy Imaging with JWST/NIRCam
2025ApJ...979..168U,ALMA/SCUBA-2 COSMOS Survey: Properties of X-Ray- and SED-selected Active Galactic Nuclei in Bright Submillimeter Galaxies
2025ApJ...979L..13L,Early Results from GLASS-JWST. XXV. Electron Density in the Interstellar Medium at 0.7 ≲ z ≲ 9.3 with NIRSpec High-resolution Spectroscopy
2025ApJ...980...93J,Constraints on the Variation of the Fine-structure Constant at 3 &lt; z &lt; 10 with JWST Emission-line Galaxies
2025ApJ...980..138H,"JWST, ALMA, and Keck Spectroscopic Constraints on the UV Luminosity Functions at z ∼ 7─14: Clumpiness and Compactness of the Brightest Galaxies in the Early Universe"
2025ApJ...980..200W,UNCOVERing the Faint End of the z ∼ 7 [O III] Luminosity Function with JWST's F410M Medium Bandpass Filter
2025ApJ...980..225T,Deep Rest-UV JWST/NIRSpec Spectroscopy of Early Galaxies: The Demographics of C IV and N-emitters in the Reionization Era
2025ApJ...980..242S,The AURORA Survey: A New Era of Emission-line Diagrams with JWST/NIRSpec
2025ApJ...981...78N,The Formation Histories of Massive and Quiescent Galaxies in the 3 &lt; z &lt; 4.5 Universe
2025ApJ...981..167S,"The AURORA Survey: An Extraordinarily Mature, Star-forming Galaxy at z ∼ 7"
2025ApJ...982...14H,"On the Average Ultraviolet Emission-line Spectra of High-redshift Galaxies: Hot and Cold, Carbon-poor, Nitrogen Modest, and Oozing Ionizing Photons"
2025ApJ...982...27Z,The Physical Origin of Extreme Emission Line Galaxies at High Redshifts: Strong [O III] Emission Lines Produced by Obscured Active Galactic Nuclei
2025ApJ...982..125C,RUBIES: JWST/NIRSpec Resolves Evolutionary Phases of Dusty Star-forming Galaxies at z ∼ 2
2025ApJ...983...11W,RUBIES Reveals a Massive Quiescent Galaxy at z = 7.3
2025ApJ...983..181M,Reconstructing Star Formation Histories of High-redshift Galaxies: A Comparison of Resolved Parametric and Nonparametric Models
2025ApJ...983L...4F,The Cosmic Evolution Early Release Science Survey (CEERS)
2025ApJ...983L..22K,A Glimpse of the New Redshift Frontier through AS1063
2025ApJ...984..121W,"RUBIES: JWST/NIRSpec Confirmation of an Infrared-luminous, Broad-line Little Red Dot with an Ionized Outflow"
2025ApJ...985...24C,"Unveiling the Cosmic Chemistry. II. ""Direct"" T<SUB>e</SUB>-based Metallicity of Galaxies at 3 &lt; z &lt; 10 with JWST/NIRSpec"
2025ApJ...986L..24J,Potential-driven Metal Cycling: JADES Census of Gas-phase Metallicity for Galaxies at 1 &lt; z &lt; 7
2025ApJ...987..189E,The Burstiness of Star Formation at z ∼ 6: A Huge Diversity in the Recent Star Formation Histories of Very UV-faint Galaxies
2025ApJ...988...86Y,A Galaxy with an Extremely Blue Ultraviolet Slope β = −3 at z = 9.25 Identified by JWST Spectroscopy: Evidence for a Weak Nebular Continuum and Efficient Ionizing Photon Escape?
2025ApJ...988L..19J,Explaining Ultramassive Quiescent Galaxies at 3 &lt; z &lt; 5 in the Context of Their Environments
2025ApJ...988L..35W,JWST/MIRI Reveals the True Number Density of Massive Galaxies in the Early Universe
2025ApJ...988L..72L,Central Concentration and Escape of Ionizing Photons in Galaxies at the Epoch of Reionization
2025ApJ...988L..76P,Is Earendel a Star Cluster?: Metal-poor Globular Cluster Progenitors at z ∼ 6
2025ApJ...989...46F,GLIMPSE: An Ultrafaint ≃10<SUP>5</SUP> M<SUB>⊙</SUB> Pop III Galaxy Candidate and First Constraints on the Pop III UV Luminosity Function at z ≃ 6─7
2025ApJ...989..209S,The AURORA Survey: The Nebular Attenuation Curve of a Galaxy at z = 4.41 from Ultraviolet to Near-infrared Wavelengths
2025ApJ...989L..35C,Discovery of a Pair of Galaxies with Both Hosting X-Ray Binary Candidates at z = 2.544
2025ApJ...989L..50C,Lonely Little Red Dots: Challenges to the Active Galactic Nucleus Nature of Little Red Dots through Their Clustering and Spectral Energy Distributions
2025ApJ...990..168L,Oxyster: A Circumgalactic Low-ionization Oxygen Nebula next to a Starburst Galaxy at z ∼ 1
2025ApJ...990L..25A,SLICE: SPT-CL J0546-5345—A Prominent Strong-lensing Cluster at z = 1.07
2025ApJ...991...74G,A Search for z = 5 Hα and Hβ + [O III] Dual-line Emitting Galaxies in the JWST CEERS Field: Implications for the Active Galactic Nucleus Abundance
2025ApJ...991..197X,SQ-A: A Collision-triggered Starburst in the Intragroup Medium of Stephan's Quintet
2025ApJ...991..217T,JWST/NIRSpec Observations of High-ionization Emission Lines in Galaxies at High Redshift
2025ApJ...992...92B,How Dust Models Shape High-z Galaxy Morphology: Insights from the NewCluster Simulation
2025ApJ...993..106C,The Evolution of Half-mass Radii and Color Gradients for Young and Old Quiescent Galaxies at 0.5 &lt; z &lt; 3 with JWST/PRIMER
2025ApJ...993..117T,The Significant Contribution of Supersoft X-Ray Sources to Nebular He II Line Emission
2025ApJ...993..169C,The Structure and Formation Histories of Low-mass Quiescent Galaxies in the A2744 Cluster Environment
2025ApJ...993..224D,"Very Bright, Very Blue, and Very Red: JWST CAPERS Analysis of Highly Luminous Galaxies with Extreme Ultraviolet Slopes at z = 10"
2025ApJ...993L..49S,The Bigfoot: A Footprint of a Coma Cluster Progenitor at z = 3.98
2025ApJ...994...65N,Fe Abundances of Early Galaxies at z = 9─12 Derived with Deep JWST Spectra
2025ApJ...994..125B,Emission-line Diagnostics at z &gt; 4: [O III]λ4364/Hγ versus [Ne III]λ3870/[O II]λ3730
2025ApJ...994..212M,Testing Photometric Techniques for Measuring the Rest-frame UV Spectral Slope against JWST PRISM Spectroscopy
2025ApJ...994..215H,Stellar Mass Assembly History of Massive Quiescent Galaxies since z ∼ 4: Insights from Spatially Resolved Spectral Energy Distribution Fitting with JWST Data
2025ApJ...994L..29Z,Only Nitrogen-enhanced Galaxies Have Detectable Ultraviolet Nitrogen Emission Lines at High Redshift
2025ApJ...995...21T,Discovery of a Little Red Dot Candidate at z ≳ 10 in COSMOS-web Based on MIRI-NIRCam Selection
2025ApJ...995...43A,EPOCHS. III. Unbiased UV Continuum Slopes at 6.5 &lt; z &lt; 13 from Combined PEARLS GTO and Public JWST/NIRCam Imaging
2025ApJ...995...90C,Disclosing Submillimeter Galaxy Formation: Mergers or Secular Evolution?
2025ApJ...995..118S,Little Red Dots at an Inflection Point: Ubiquitous V-shaped Turnover Consistently Occurs at the Balmer Limit
2025ApJ...995..150K,"Comprehensive JWST+ALMA Study on the Extended Lyα Emitters, Himiko, and CR7 at z ∼ 7: Blue Major Merger Systems in Stark Contrast to Submillimeter Galaxies"
2025ApJ...995..204M,Under Pressure: Decoding the Effect of High Densities on Derived Nebular Properties
2025ApJS..279...43C,Probing Obscured Star Formation in Galaxy Clusters Using JWST Medium-band Images: 3.3 μm PAH Emitter Sample in A2744
2025ApJS..280...62L,A 13 Billion Year View of Galaxy Growth: Metallicity Gradient Evolution from the Local Universe to z = 9 with JWST and Archival Surveys
2025MNRAS.536...51D,JWST/NIRSpec WIDE survey: a z = 4.6 low-mass star-forming galaxy hosting a jet-driven shock with low ionization and solar metallicity
2025MNRAS.536.1878P,Comparing E-MOSAICS predictions of high-redshift proto-globular clusters with JWST observations in lensed galaxies
2025MNRAS.536.3677A,The nature of low-luminosity AGNs discovered by JWST based on clustering analysis: progenitors of low-z quasars?
2025MNRAS.537..112W,Rising from the ashes: evidence of old stellar populations and rejuvenation events in the very early Universe
2025MNRAS.537.1826T,"Age-dating early quiescent galaxies: high star formation efficiency, but consistent with direct, higher-redshift observations"
2025MNRAS.537.2535C,Tracing star formation across cosmic time at tens of parsec-scales in the lensing cluster field Abell 2744
2025MNRAS.537.3245B,The evolution of [O III] + Hβ equivalent width from z ≃ 3-8: implications for the production and escape of ionizing photons during reionization
2025MNRAS.537.3453B,Quiescent or dusty? Unveiling the nature of extremely red galaxies at z &gt; 3
2025MNRAS.538.1501I,Black hole mass of a quiescent galaxy hosting a Type 1 AGN at z = 2.09: implications for black hole-galaxy coevolution and AGN quenching at high redshift
2025MNRAS.539..557B,The abundance and nature of high-redshift quiescent galaxies from JADES spectroscopy and the FLAMINGO simulations
2025MNRAS.540..774D,"Galaxy mergers in the epoch of reionization ─ I. A JWST study of pair fractions, merger rates, and stellar mass accretion rates at z = 4.5─11.5"
2025MNRAS.540.3493T,The emergence of galactic thin and thick discs across cosmic history
2025MNRAS.541.1707T,The AURORA survey: the evolution of multiphase electron densities at high redshift
2025MNRAS.542..128B,Ly α with SPICE: interpreting Ly α emission at z &gt; 5
2025MNRAS.542..397L,A PAH deficit in the starburst core of a distant spiral galaxy
2025MNRAS.542.1136O,Detection of the 2175 Å UV bump at z &gt; 7: evidence for rapid dust evolution in a merging reionization-era galaxy
2025MNRAS.542.1705A,The impact of medium-width bands on the selection and subsequent luminosity function measurements of high-z galaxies
2025MNRAS.542.1952M,Probing patchy reionization with JWST: IGM opacity constraints from the Lyman α forest of galaxies in legacy extragalactic fields
2025MNRAS.542.3125S,Age dependence of Lyα escape fraction of Lyα emitters and their significant role in cosmic reionization
2025MNRAS.544.1412S,The JWST Emission Line Survey (JELS): the sizes and merger fraction of star-forming galaxies during the Epoch of Reionization
2025MNRAS.544.4482R,Cosmic stillness: high quiescent galaxy fractions across upper mass scales in the early Universe to z = 7 with JWST
2025MUPB...80S..97C,Galactic Disc Warps from z=2.5 to Modern Epoch: Ruling Out Observational Effects
2025NatAs...9..280D,Efficient formation of a massive quiescent galaxy at redshift 4.9
2025NatAs...9..458M,The evolution of dust attenuation in z ≈ 2-12 galaxies observed by JWST
2025OJAp....8E.104K,"21 Balmer Jump Street: The Nebular Continuum at High Redshift and Implications for the Bright Galaxy Problem, UV Continuum Slopes, and Early Stellar Populations"
2025OJAp....8E.170M,Witnessing downsizing in the making: quiescent and breathing galaxies at the dawn of the Universe
2025arXiv250205048L,A prevalent population of normal-mass central black holes in high-redshift massive galaxies
2025arXiv250509703M,SCUBADive II: Searching for $z&gt;4$ Dust-Obscured Galaxies via F150W-Dropouts in COSMOS-Web
2025arXiv250719472B,JWST+ALMA reveal the build up of stellar mass in the cores of dusty star-forming galaxies at Cosmic Noon
2025arXiv250719706M,MINERVA: A NIRCam Medium Band and MIRI Imaging Survey to Unlock the Hidden Gems of the Distant Universe
2025arXiv250804791F,Physical properties of galaxies and the UV Luminosity Function from $z\sim6$ to $z\sim14$ in COSMOS-Web
2025arXiv250816948E,Galaxies and Black Holes in the First Billion Years
2025arXiv251006681C,The Star-forming Main Sequence and Bursty Star-formation Histories at $z&gt;1.4$ in JADES and AURORA
2025arXiv251007936H,"Inefficient dust production in a massive, metal-rich galaxy at $z=7.13$ uncovered by JWST and ALMA"
2025arXiv251011770F,Early massive galaxy formation in the core of a galaxy protocluster 650 million years after the Big Bang
2025arXiv251025024M,Where Galaxies Go to Die: The Environments of Massive Quiescent Galaxies at $3&lt;z&lt;5$
2025arXiv251103802D,Making the most of pure parallels: Machine learning augmented photometric redshifts for sparse JWST filter sets
2025arXiv251105439S,Unsupervised Discovery of High-Redshift Galaxy Populations with Variational Autoencoders
2025arXiv251107542A,JWST's GLIMPSE: an overview of the deepest probe of early galaxy formation and cosmic reionization
2025arXiv251108671G,JWST/NIRSpec Reveals a Small Population of Dominant Dust-Obscured Ionizing Sources in Galaxies at 1 &lt; z &lt; 3
2025arXiv251109278W,Little red dots as embryos of active galactic nuclei
2025arXiv251114483N,VENUS: A Strongly Lensed Clumpy Galaxy at $z\sim11-12$ behind the Galaxy Cluster MACS J0257.1-2325
2025arXiv251120484M,Discovery of new N-emitters over a wide redshift range
2025arXiv251120751L,ECOGAL I. Project design and the first catalogue
2025arXiv251205180Z,Little red dot variability over a century reveals black hole envelope via a giant Einstein cross
2025arXiv251208054A,"Spatially Resolved Physical Properties of Young Star Clusters and Star-forming Clumps in the Brightest z&gt;6 Galaxy, the Strongly Lensed Cosmic Spear at z=6.2"
2025arXiv251209139S,"The Early Maturity of High-Redshift Galaxies: Insights from sSFR, M/L and SFHs at z~7-14"
2025arXiv251210839A,Resolving the ionizing photon budget crisis with JWST/NIRCam HII clumping constraints at z=6
2025arXiv251212509H,THRILS -- The High-(Redshift+Ionization) Line Search: Program Description &amp; Redshift Catalog
2025arXiv251212813H,"An Extremely-red, UV-bright, and Extended Galaxy at z~6 in PRIMER/UDS: An Early Massive Galaxy Caught Quenching after an Obscured Starburst?"
2025arXiv251214881B,Sparse by the River: Diverse Environments of z &gt; 3 Massive Quiescent Galaxies
2025arXiv251215127G,Stellar Morphology of Optically Dark or Faint Galaxies at $z&gt;3$ with JWST
2025zndo..16942038B,"Catalogue and stellar mass functions from ""Exploring over 700 massive quiescent galaxies at z = 2-7: Demographics and stellar mass functions"" (Baker+2025d)"
2026A&A...705A.155C,A systematic search for dormant galaxies at z ∼ 5−7 from the JWST NIRSpec archive
2026A&A...705A.214L,Overdense fireworks in GOODS-N: Unveiling a record number of massive dusty star-forming galaxies at z ∼ 5.2 with the N2CLS
2026A&A...705A.236M,Evolution and mass dependence of UV-to-near-IR color gradients up to z = 2.5 from the Hubble Space Telescope and the James Webb Space Telescope
2026A&A...705L..12V,"A pristine, star-forming complex at z = 4.19"
2026A&A...706A..91B,Double trouble: Two spectroscopically confirmed low-mass quiescent galaxies at z &gt; 5 in overdensities
2026A&A...706A.300B,Spatially resolved PAH<SUB>3.3</SUB> emission and stellar ages in ram pressure stripped clumps at z ∼ 0.3
2026A&A...706A.344S,Cosmic Vine: High abundance of massive galaxies and dark matter halos in a forming cluster at z = 3.44
2026A&A...706A.363B,HELM's deep: Highly extincted low-mass galaxies seen by JWST
2026A&A...707A..75T,The warm outer layer of a little red dot as the source of [Fe II] and collisional Balmer lines with scattering wings
2026A&A...707A.352G,Breaking through the cosmic fog: JWST/NIRSpec constraints on ionizing photon escape in reionization-era galaxies
2026A&A...708A..49S,N-emitters as possible signposts of globular cluster formation
2026A&A...708A.102N,Lyα visibility from z = 4.5 to 11 in the UDS field: Evidence for a high neutral hydrogen fraction and small ionized bubbles at z ∼ 7
2026A&A...708A.152L,Extreme equivalent-width-selected low-mass starbursts at z = 4 − 9: Insights into their role in cosmic reionization
2026A&A...708A.203P,Novel z ∼ 10 auroral line measurements extend the gradual offset of the fundamental metallicity relation deep into the first gigayear of cosmic time
2026A&A...708A.236M,Resolving dust and Lyman α emission in a lensed galaxy at the epoch of reionization with JWST/CANUCS
2026A&A...709A..46A,The AGN nature of strong C III] emitters in the early Universe with JWST
2026A&A...709A.176W,Before its time: A remarkably evolved protocluster core at z = 7.88
2026A&A...709A.199C,Tracing nitrogen enrichment across cosmic time with JWST
2026A&A...709A.205S,Transition from outside-in to inside-out at z ∼ 2: Evidence from radial profiles of the specific star formation rate based on JWST/HST
2026A&A...710A.122I,Dynamical properties and star formation history of a low-mass quenched galaxy at cosmic noon
2026A&A...710A.136N,Evidence of violation of case B recombination in little red dots
2026A&A...710A.158C,"Clues to inside-out quenching in quiescent galaxies at 1.2 ≲ z ≲ 2.2: Age, Fe-, and Mg-abundance gradients from JWST-SUSPENSE"
2026A&A...710A.167P,GA-NIFS: AGN activity in a Lyα emitter within a triple-AGN system anchored by a passive galaxy at z = 3
2026A&A...710A.290T,"All the massive galaxy overdensities during reionisation: JWST rest-frame optical selection reveals young, chemically evolved galaxies embedded in dense, neutral gas at z &gt; 5"
2026A&A...710A.364I,DeepDive: A deep dive into the physics of the first massive quiescent galaxies in the Universe
2026A&A...711A.112M,Extremely ultraviolet-bright starbursts at the end of cosmic reionization
2026A&A...711A.114W,Not all protoclusters host evolved galaxies: Evidence for reduced environmental effects in a lower halo mass protocluster at z = 7.66
2026A&A...711A.177S,"Morphology, sizes, and scatter in a large sample of distant quiescent galaxies"
2026A&A...711A.298P,"Characterising Lyα damping wings at the onset of reionisation: Evidence for highly efficient star formation driven by dense, neutral gas in UV-bright galaxies at z &gt; 9"
2026A&A...711A.301M,"PRISMS: U37126, a very blue ISM-naked starburst at z = 10.255 with a nearly 100% Lyman continuum escape fraction"
2026A&A...712A..92P,"Resolving stellar populations, star formation, and interstellar medium conditions with JWST in a large spiral galaxy at z ≍ 2"
2026A&A...712A.113P,Lyman-alpha emission at the end of reionization: Line strengths and profiles from MMT and JWST observations at z ∼ 5─6
2026A&A...712A.153B,A Cosmic Archipelago of lensed metal-poor galaxies at z ∼ 6
2026A&A...712A.169Z,There and back again: Neutral outflows in z ~ 3.5 quiescent galaxies
2026A&A...713A.121J,NOEMA<SUP>3D</SUP>: Resolving radial gas flows in disk galaxies at z ~ 1.1-1.6 with high-resolution CO observations
2026AJ....171..191M,Discovery of Seven Cold and Distant Brown Dwarfs with JWST RUBIES
2026ARA&A..64..179W,Quenching of Star Formation in Massive Galaxies
2026ApJ...996...37P,The AURORA Survey: Ionizing Photon Production Efficiency with Minimal Nebular Dust Attenuation Systematics
2026ApJ...996...93L,Bridging Quasars and Little Red Dots: Insights into Broad-line Active Galactic Nuclei at z = 5─8 from the First JWST COSMOS-3D Dataset
2026ApJ...997...29K,"Connecting Environment, Star Formation History, and Morphology of Massive Quiescent Galaxies at 3 &lt; z &lt; 4 with JWST"
2026ApJ...997...48B,"A Comprehensive Photometric Selection of ""Little Red Dots"" in MIRI Fields: An Infrared-Bright Little Red Dot at z = 3.1386 with Warm Dust Emission"
2026ApJ...997..189B,Feeding the Dead: Neutral Gas Inflow in a Long-quenched Ancient Massive Galaxy at z ∼ 2.7 Observed with JWST/NIRSpec
2026ApJ...997..252Z,RUBIES Spectroscopically Confirms the High Number Density of Quiescent Galaxies from 2 &lt; z&lt; 5
2026ApJ...998..133W,"Limitations on Morphological Fitting for JWST ""Little Red Dots"""
2026ApJ...998..170Z,JWST Insights into Narrow-line Little Red Dots
2026ApJ...998..257M,Taking a Break at Cosmic Noon: Continuum-selected Low-mass Galaxies Require Long Burst Cycles
2026ApJ...998L...4S,Evolutionary Tracks and Spectral Properties of Quasi-stars and Their Correlation with Little Red Dots
2026ApJ...999...15R,The AURORA Survey: Multiple Balmer and Paschen Emission Lines for Individual Star-forming Galaxies at z = 1.5─4.4. I. A Diversity of Nebular Attenuation Curves and Evidence for Non-unity Dust Covering Fractions
2026ApJ..1000L...3L,First Statistical Detection of Mg II-traced Cool Gas Outflows with JWST toward Cosmic Dawn
2026ApJ..1000L..18H,The X-Ray Dot: Exotic Dust or a Late-stage Little Red Dot?
2026ApJ..1000L..42Y,A Census of Quiescent Galaxies across 0.5 &lt; z &lt; 8 with JWST/MIRI: Mass-dependent Number Density Evolution of Quiescent Galaxies in the Early Universe
2026ApJ..1001...38T,The JWST Spectroscopic Properties of Galaxies at z = 9−14
2026ApJ..1001..107W,"Discovery of Ancient Globular Cluster Candidates in the Relic, a Quiescent Galaxy at z = 2.5"
2026ApJ..1001..235B,JWST+ALMA Reveal the Buildup of Stellar Mass in the Cores of Dusty Star-forming Galaxies at Cosmic Noon
2026ApJ..1001..236C,The Impact of Galaxy Overdensities and Ionized Bubbles on Lyα Emission at z ∼ 7.0─8.5
2026ApJ..1002...74M,Excavating the Ruins: An Ancient z = 2.675 Galaxy Which Formed in the First 500 Myr
2026ApJ..1002..129B,Beyond the Monsters: A More Complete Census of Black Hole Activity at Cosmic Dawn
2026ApJ..1002..136W,Exploring Cosmic Dawn with PANORAMIC. I. The Bright End of the UV Luminosity Function at z ∼ 9─17
2026ApJ..1002..159Y,"Balmer Transition Signatures from Gas-enshrouded, Dust-poor Active Galactic Nuclei"
2026ApJ..1002L...4B,Connecting the Dots: UV-bright Companions of Little Red Dots as Lyman─Werner Sources Enabling Direct-collapse Black Hole Formation
2026ApJ..1002L..15C,Emission-line Diagnostics at z ≳ 2: A Probe of the Ionizing Spectrum and α-enhancement beyond Cosmic Noon
2026ApJ..1003...96B,"From ""The Cliff"" to ""Virgil"": Mapping the Spectral Diversity of Little Red Dots with JWST/NIRSpec"
2026ApJ..1003..112B,A Fleeting GLIMPSE of N/O Enrichment at Cosmic Dawn: Evidence for Wolf Rayet N Stars in a z = 6.1 Galaxy
2026ApJ..1003..228S,The AURORA Survey: High-redshift Empirical Metallicity Calibrations from Electron Temperature Measurements at z = 2─10
2026ApJ..1003L..41K,The AURORA Survey: The Mass─Metallicity and Fundamental Metallicity Relations at z ∼ 2.3 Based Purely on Direct T<SUB>e</SUB> Metallicities
2026ApJ..1004..153K,The Deepest GLIMPSE of a Dense Gas Cocoon Enshrouding a Little Red Dot
2026ApJ..1004..185P,The Structure and Evolution of LRDs: Insights from JWST NIRSpec Medium- and High-resolution Spectroscopy at z ∼ 4
2026ApJ..1004L...4C,Little Red Dots as Globular Clusters in Formation
2026ApJ..1004L..35Z,Winding Back the Clock: Recent Star Formation Histories of Massive Quiescent Galaxies Are Consistent with Their Rapid Number Density Evolution since z ∼ 7
2026ApJ..1005...11W,High-redshift Galaxy Candidates at z = 6+ as Revealed by JWST Observations of MACS0647
2026ApJ..1005..118W,Exploring Cosmic Dawn with PANORAMIC. II. Cosmic Variance and Galaxy Clustering at z ∼ 10
2026ApJ..1005..150L,Local Analogs of Little Red Dots: Optical Variability and Evidence for an Active Galactic Nucleus Origin
2026ApJ..1005..215A,VENUS: Strong-lensing Model of MACS J1931.8-2635: Revealing the Farthest Multiply Imaged Supernova
2026ApJ..1005L..22A,Origins of the UV Continuum and Balmer Emission Lines in Little Red Dots: Observational Validation of Dense Gas Envelope Models Enshrouding the Active Galactic Nucleus
2026ApJ..1005L..47B,The Kormendy Relation in the First Billion Years: Evidence from JWST
2026ApJ..1006..165B,"A Comprehensive JWST/NIRSpec Census of Broad-line Active Galactic Nuclei: Faint, Low-mass Accretors and a Population of Little Red Dots"
2026ApJ..1006..205R,Beyond the Dot: An LRD-like Nucleus at the Heart of an IR-bright Galaxy and its Implications for High-redshift LRDs
2026ApJ..1007...26L,An Investigation into the Low-mass Fundamental Metallicity Relation in the Local and High-z Universe
2026ApJ..1007...44Y,Gravitationally Lensed View of DSFG-1 in PLCK G165.7+67.0: Strong Dust Emission and Spatially Resolved Stellar Population Analysis with JWST and SMA
2026ApJ..1007...61M,A Deep ALMA Survey of the Redshift Distribution of Dusty Star-forming Galaxies
2026ApJ..1007..141C,Lyα Escape in JWST/NIRCam F430M-selected Hα Emitters at z ≃ 5.5
2026ApJ..1007..203C,"Pseudo Little Red Dot: An Active Black Hole Embedded in a Dense and Dusty, Metal-poor Starburst Galaxy at z = 5.96"
2026ApJ..1008..258A,Resolving the Ionizing Photon Budget Crisis with JWST/NIRCam H II Clumping Constraints at z ≃ 6
2026ApJ..1008L..11C,Toward Unbreaking the Universe: MINERVA Measurements of Color Gradients in Massive Quiescent Galaxies Can Help Ease Too-early Star Formation Tensions
2026ApJ..1008L..22L,A Steep-extinction Quasi-stellar Object at z = 4.6: JWST Evidence for Abundant Small Dust Grains
2026ApJ..1008L..64M,No Luminous Little Red Dots: A Sharp Cutoff in Their Luminosity Function
2026ApJ..1009..146P,Morphological and Star Formation Properties of Cosmic Noon Massive Quiescent Galaxies
2026ApJ..1009L...4N,An Updated Characterization of Luminous Lyα Emitters at the End of Reionization
2026ApJS..285....1S,ULTIMATE Deblending. I. A 50-band Ultraviolet to Mid-infrared Photometric Catalog Combining Space- and Ground-based Data in the JWST/PRIMER Survey
2026ApJS..285...62Z,Everything Every Band All at Once. I. A Global Morphology Catalog in A2744 Based on UNCOVER/MegaScience
2026MNRAS.545f1961L,JWST PRIMER: a deep JWST study of all ALMA-detected galaxies in PRIMER COSMOS ─ dust-obscured star formation history back to z ≃ 7
2026MNRAS.545f2087S,PRIMER and JADES reveal an abundance of massive quiescent galaxies at 2 &lt; z &lt; 5
2026MNRAS.546ag008D,Galaxy mergers in the epoch of reionization ─ II. Merger-triggered star formation and AGN activities at z = 4.5−8.5
2026MNRAS.546ag213R,"Fast rotations in galaxies at cosmic noon indicate central concentration of stars, dark matter, or massive black holes"
2026MNRAS.546ag214T,The nature of high-redshift massive quiescent galaxies ─ searching for RUBIES-UDS-QG-z7 in FLARES
2026MNRAS.546f2284B,Probing infrared eXcess to investigate early-Universe dust (PIXIEDust)
2026MNRAS.547ag473V,MIGHTEE/COSMOS-3D: the discovery of three spectroscopically confirmed radio-selected star-forming galaxies at z = 4.9─5.6
2026MNRAS.548ag533R,SE3D: Building a radiative transfer emulator to fit panchromatic resolved galaxy observations with 3D models of dust and stars
2026MNRAS.548ag701R,JWST spectroscopic insights into the diversity of galaxies in the first 500 Myr: short-lived snapshots along a common evolutionary pathway
2026MNRAS.548ag703V,Early thin-disc assembly revealed by JWST edge-on galaxies
2026MNRAS.548ag770B,Strength in numbers: Red Galaxies Bolster the cosmic star formation rate density at z ≳ 3
2026MNRAS.549ag788T,Possible photometric signatures of nebular-dominated emission in 1.5 &lt; z &lt; 8.5 JADES galaxies
2026MNRAS.549ag884Z,"SE3D: Testing the recovery of stellar population, dust, and structural properties on mock-observed toy model and simulated galaxies"
2026MNRAS.550g1122L,A nuclear disc at Cosmic Noon: evidence of early bar-driven galaxy evolution
2026MNRAS.550g1170S,Extending the ALMA survey of the SCUBA-2 CLS UDS field: tracing the obscured formation of spheroids across z ∼ 1─4
2026MNRAS.550g1220I,The Cliff: a metal-poor little red dot hosting an overmassive black hole at z = 3.55
2026MNRAS.550g1235H,Revisiting the mass─metallicity relation and the fundamental metallicity relation of dwarf galaxies at cosmic noon with NIRISS
2026MNRAS.551g1206K,Metal mayhem at z ~ 7-10: diversity and evolution of gas-phase metallicity gradients
2026MNRAS.551g1537L,Electron densities of typical low-mass galaxies at z ≃2-7 from stacked JWST/NIRSpec spectra
2026MNRAS.551g1567D,Little red dots host black hole stars: a unified family of gas-reddened AGN revealed by JWST/NIRSpec spectroscopy
2026MNRAS.tmp.1475C,JADES: Evolution of nitrogen abundances in star-forming galaxies from z ~ 1.5 - 7
2026MNRAS.tmp.1597R,Diverse Histories and Common Origins of Nitrogen-enhanced JWST Galaxies
2026NatAs..10..448H,A dense web of neutral gas in a galaxy proto-cluster post-reionization
2026NatAs..10..753Z,The composite spectrum of little red dots from a standard inner disk and an unstable outer disk
2026NatAs..10.1232F,A massive and evolved slow-rotating galaxy in the early Universe
2026NatAs.tmp..173C,Hidden mass in early galaxies revealed by bottom-heavy initial mass functions
2026Natur.649..574R,Little red dots as young supermassive black holes in dense ionized cocoons
2026Natur.656..329N,A gas-enshrouded and gas-reddened black hole at cosmic dawn
2026NewA..12702584P,AGN Feedback: The impact of galactic-scale radio jets on the interstellar medium in starbursting obscured AGN
2026OJAp....956033N,A Cosmic Miracle: A Remarkably Luminous Galaxy at zspec = 14.44 Confirmed with JWST
2026OJAp....958199C,MEGATRON: Disentangling Physical Processes and Observational Bias in the Multi-Phase ISM of High-Redshift Galaxies
2026OJAp....962505S,Little Red Dot − Host Galaxy = Black Hole Star: A Gas-Enshrouded Heart at the Center of Every Little Red Dot
2026OJAp....965333A,A first systematic study of [OIII] 88 μ m at z &gt; 8 : two luminous oxygen lines and a powerful ionized outflow in the first 600 million years
2026OJAp....970057D,A Dusty Quenching-Candidate AGN host at z = 5.7 : massive quiescent galaxies may quench already during the dust-obscured phase
2026RAA....26i5020L,Spatially Resolved Star Formation in Nearby Dwarf Galaxies
2026RNAAS..10...83L,Something Bright at the Edge of Everything: A Uniquely JWST-dark Radio Source in COSMOS
2026RNAAS..10..144P,"JWST/NIRSpec Spectral Standards for M, L, and T Dwarfs and Subdwarfs"
2026arXiv260102861Z,BEACON: JWST NIRCam Pure-parallel Imaging Survey. II. Physical Properties of $z=7-14$ Galaxies
2026arXiv260104156C,"A spectroscopically confirmed, strongly lensed, metal-poor Type II supernova at z = 5.13"
2026arXiv260106015Y,"VENUS: Two Faint Little Red Dots Separated by $\sim70\,\mathrm{pc}$ Hidden in a Single Lensed Galaxy at $z\sim7$"
2026arXiv260110573A,Origins of the UV continuum and Balmer emission lines in Little Red Dots: observational validation of dense gas envelope models enshrouding the AGN
2026arXiv260112413L,Updated Metallicity Diagnostics for Precision Oxygen Abundance Measurements in High-redshift Galaxies with JWST
2026arXiv260118864S,Inside the cocoon: a comprehensive explanation of the spectra of Little Red Dots
2026arXiv260121833H,A UV-Luminous Galaxy at z=11 with Surprisingly Weak Star Formation Activity
2026arXiv260202323A,"PRISMS. UNCOVER-26185, a metal-poor SFG at z=10.05 with no evidence for a X-ray-luminous AGN"
2026arXiv260202485H,DeepDive: Tracing the early quenching pathways of massive quiescent galaxies at $z&gt;3$ from their star-formation histories and chemical abundances
2026arXiv260206024W,Water absorption confirms cool atmospheres in two little red dots
2026arXiv260212325F,Direct pathway to the Early Supermassive Black Holes: A Red Super-Eddington Quasar in a Massive Starburst Host at $z=7.2$
2026arXiv260217329J,MIDIS: The identification of deep MIRI-red sources as candidates for extreme Balmer-break and line emitting galaxies at high-z
2026arXiv260218068C,Investigating the role of mergers in galaxy assembly in the early Universe (z &gt; 5)
2026arXiv260218558G,"The ionised interstellar medium of DSFGs revealed by JWST/NIRSpec and ALMA: Super-solar metallicity, low ionisation parameters and, typical electron densities"
2026arXiv260220247P,Little Red Dots: One Photometric Tag Concealing Diverse Spectroscopic Flavors of Massive Star Formation and Black Hole Activity
2026arXiv260301370M,Everything Every Band All at Once II: The Relationship Between Optical Size and Stellar Mass Over Eight Billion Years of Cosmic History
2026arXiv260302317L,Synthetic Spectral Library of Optically Thick Atmospheres for Little Red Dots
2026arXiv260306409T,The Collective Voice of Ly$α$ Emitters: Insights from JWST Stacked Spectroscopy
2026arXiv260311338K,Balmer Decrements and Nebular-Stellar Reddening in JADES Galaxies at $2.7<z<7$
2026arXiv260313471R,"A hot, nebular-dominated galaxy interacting with a pristine PopIII system uncovered by JWST"
2026arXiv260315841R,"EGS-z11-R0: a red, dust-rich galaxy at Cosmic Dawn"
2026arXiv260317667M,The Engine and its Flows: Little Red Dot spectra are shaped by the column densities of their gas envelopes
2026arXiv260317967I,JWST Reveals Two Overmassive Black Hole Candidates in Dwarf Galaxies at z $\approx$ 0.7: Pushing Black Hole Searches into the Dwarf-Galaxy Regime
2026arXiv260322277S,Little Red and Blue Dots: simply stratified Broad Line Regions
2026arXiv260403370J,Holes in the BH$^\star$? AGN signatures in the FUV spectrum of a black-hole dominated Little Red Dot at $z=7.04$
2026arXiv260403563T,SPURS: Evidence for Clumpy Neutral Envelopes and Ionized IGM Surrounding Little Red Dots in Abell 2744 from Ultra-Deep Rest-UV Spectroscopy
2026arXiv260404284G,MIDIS: Strong H$β$+[OIII] Line Emitters at $z \geq 9$
2026arXiv260407440R,The assembly and fate of a giant disc galaxy in a protocluster at $z = 3$
2026arXiv260409399S,Paschen Jumps in Little Red Dots: Evidence for Nebular Continua
2026arXiv260411677B,Do little red dots really form a distinct class of astronomical objects?
2026arXiv260413408L,ALESS--JWST: Dust-driven Morphologies and Hidden Stellar Mass in $z\sim3$ Sub-millimeter Galaxies
2026arXiv260415002K,Do galaxy mergers increase star formation and turbulence at cosmic noon?
2026arXiv260417963K,BEACON: JWST NIRCam Pure-parallel Imaging Survey. III. Constraints on the UV LF and the Clustering of z~7-14 Galaxies
2026arXiv260418504C,"NOEMA3D: Extended CO, [C I] and dust in massive star-forming main-sequence galaxies at cosmic noon"
2026arXiv260418522S,A Census of Na D-traced neutral ISM and outflows at $0.6&lt;z&lt;4$
2026arXiv260421007K,DeepDive: Simultaneous Formation of Massive Quiescent Galaxies in High-Redshift Galaxy Overdensities
2026arXiv260505327G,Shape of Direct-Method Mass-Metallicity Relation with JWST: Fast-Track Nitrogen and Helium Enrichment
2026arXiv260506770H,A Glimpse of the Low-Mass End of the Direct Mass-Metallicity Relation at $z\sim6-8$
2026arXiv260507976M,Testing the BH* model: A UV-to-optical spectral fitting of The Cliff
2026arXiv260515189Z,Strong Gravitational Lensing with the James Webb Space Telescope
2026arXiv260515712L,Early Emergence of Environmental Effects: Accelerated Galaxy Assembly in a z=2.96 Protocluster in the COSMOS Field
2026arXiv260530410C,RUBIES: The Evolution of the Ionization Parameter from 0 &lt; z &lt; 9
2026arXiv260602773Z,Reduced Incidence of Little Red Dots at z &lt; 3 from Number Density and Halo Mass Evolution
2026arXiv260606575G,The quasi-star model for Little Red Dots: potential and challenges
2026arXiv260606585W,"A Population of Red Galaxies with Very Strong Emission Lines at $z &gt; 5$ Revealed by the NIRCam Medium Bands: ''Classic'' LRDs, Dusty Star-Forming Galaxies, and a Missing Population of LRDs"
2026arXiv260608782N,"JWST Absorption-Line Analysis of UV-Bright Galaxies at $z=7.2-10.6$: Early Chemical Enrichment Traced by C, O, Mg, Al, Si, and Fe"
2026arXiv260609726Y,ATLAS. I. A Scaling Relation of LRDs between Broad H$α$ and Bolometric Luminosities: Enhanced Broad H$α$ Emission Relative to Low-$z$ Type 1 AGN
2026arXiv260609970J,Through the Veil: Ly$α$ Illuminates the Host Galaxies of Little Red Dots
2026arXiv260612249W,Spatially Resolved Nebular-Stellar Reddening with JWST/NIRISS
2026arXiv260612355M,UV-to-optical insights into the BH$^*$ model in little red dots
2026arXiv260612509S,The nature of `little blue dots'
2026arXiv260612686K,"Unprecedented Constraints on Gas Flows at High Redshift Using Deep JWST/NIRSpec Observations from the LyC22, EXCELS, and AURORA Surveys"
2026arXiv260613078P,Chemical signatures from the first stars embedded in metal-poor gas in galaxies at cosmic dawn
2026arXiv260616853B,Optically Invisible Galaxies at Cosmic Noon and beyond with JWST/UNCOVER
2026arXiv260617271W,Black Hole Stars Across the Universe: Identifying Central Engine Dominated Little Red Dots at $z\sim1.5-9.5$
2026arXiv260621105Z,Little Red Dots as Supermassive Counterparts of SS 433: A Hyper-Eddington Accretion Framework
2026arXiv260621361V,Extended [CII] gas emission in and around a massive quiescent galaxy at z=7.3
2026arXiv260623778S,Constraints on the Gas Geometry Surrounding Little Red Dots through Narrow-Line Diagnostics
2026arXiv260627853E,MSA-3D: Rotation Curves and Dark Matter Fractions at z~0.5-1.7 with JWST/NIRSpec
2026arXiv260630711N,"Little Red Dots as Intermediate Mass, Super-Eddington Engines: Insights from Type IIn Supernovae and The 1837-1856 Great Eruption of $η$ Carinae"
2026arXiv260630787H,JWST spectroscopy of galaxies at $z&gt;10$: Damped Ly$α$ absorbers reveal efficient star formation and hidden redshift biases
2026arXiv260630802X,A Census of the 200 Most Massive Galaxies Spectroscopically Observed with JWST at zspec $\sim$3-15
2026arXiv260631515N,"The metallicities of little red dot host galaxies: LRDs are metal poor, but not pristine"
2026arXiv260700084K,Little Red Dots at z~2 in EIGER reveal a gentle decline with respect to their peak number density at z~5
2026arXiv260700982T,Bar-driven secular evolution largely complete in a disk galaxy 7.6 billion years ago
2026arXiv260707698K,Tracing the Evolution of the Balmer Break from Cosmic Dawn to Cosmic Noon with JWST
2026arXiv260708264S,Subaru meets JWST: A Direct Measurement of Ly$\boldsymbolα$ Escape Fraction at $\boldsymbol{z\simeq6.2}$ with Dual Narrow-Band Imaging
2026arXiv260715515U,"Gas-Phase Metallicity and Nitrogen Abundances in Low-Mass Galaxies Down to $M_\star\simeq10^{5.7}\,M_\odot$ at $z\simeq4.5$--$10.1$ from JWST Lensing Cluster Surveys"
2026arXiv260717424T,A Rest-frame K-band View of Bulge Growth in Massive Star-forming Galaxies at z~2
2026arXiv260719057J,"An (in)complete NIRSpec census of Balmer absorption in Type 1 AGN -- radiation-driven outflows in little red dots, quasars and variable stars"
2026arXiv260719970M,Nebular continuum in high-redshift galaxies with JWST
2026arXiv260720606S,Outflows in the Early Universe: Neutral gas Absorption in Galaxies at z &gt; 3 from low-resolution JWST Spectroscopy
2026arXiv260722834G,Reionization driven by the few: the ionizing budget of galaxies at z=5-10 from JWST/NIRSpec
2026arXiv260722835G,Unsupervised selection and characterisation of Little Red Dots in JWST surveys with manifold learning
2026arXiv260726269Y,ATLAS. II. Extremely High Incidence of Balmer Line Absorption with Predominant Blueshifts in LRDs: Statistical Insights through Comparison with Type 1 AGNs
2026arXiv260801647S,NEXUS: Spectral Variability of Little Red Dots and Blue Active Galactic Nuclei at $2 \lesssim z \lesssim 6$
2026arXiv260805283M,Emission line formation in scattering dominated media: implications for LRDs
2026arXiv260810832K,ATLAS. III. Dust Around Little Red Dots: Hydrogen Line Ratios beyond Dust-free Non-Case B Models
2026arXiv260812471T,FLAGS II: Constraining Galaxy Formation Models with Dimensionality Reduction of Direct Observables
2026arXiv260812487B,Ripples in the OCEANS: Broad Line Variability of Little Red Dots
2026arXiv260812699C,"SPURS: Massive Stars, Dense Gas, and Ly$α$ Escape in GN-z11 at $z = 10.6$"
2026arXiv260814534K,ATLAS. IV. A JWST+MUSE Demographic Study of Ly$α$ Profiles in Little Red Dots
2026arXiv260814786H,JWST/NIRSpec Spectra for Three Ultracool Brown Dwarfs Detected in Extragalactic Surveys: Further Evidence for Phosphine Absorption
2026arXiv260816343O,RIOJA. Environmental Effects on Stellar Populations and Ionized Gas in a Protocluster at $z=7.88$
2026arXiv260821515C,On the importance of the IGM/CGM enrichment in determining chemical abundances during the first 600 Myr
2026arXiv260821522B,Beyond orientation: Evidence for distinct physical regimes among Little Red Dots and Little Blue Dots
2026arXiv260823671P,"More Numerous and Bluer: Companions of the Brightest Little Red Dots Differ from Control Galaxies at $&gt;3σ$, Hinting at Synchronized Black Hole Seed Formation"
2026arXiv260824124S,"Interplay of Compaction, Quenching, and Black Hole Growth in the Most Massive Galaxies since $z\sim5$: Insights from JWST and Chandra Data"
2026arXiv260825021M,The ionizing properties of JWST's compact broad-line emitters
2026arXiv260830011K,Caught Napping by JWST UNCOVER+MegaScience: Constraining bursty star formation histories and number densities of mini-quenched galaxies at redshifts 4-7
2026arXiv260900112K,Skyfire: A Spectroscopic Census of Little Red Dots and Broad-Line AGN in the CEERS Field
2026arXiv260900199N,The gradual decline of Ly$α$ visibility in the CANDELS fields: evidence for the combined effects of galaxy evolution and reionization
2026arXiv260901205C,The Physical Conditions of Low-Mass Galaxies at z=3.5-7.0 from JWST Spectroscopy: The Behaviour of Spectral Line Ratios with Burstiness
2026arXiv260901586P,The JWST Emission Line Survey (JELS): A narrow-band determination of the H$α$ Luminosity Function and Cosmic Star Formation into the Epoch of Reionization
2026arXiv260902558P,Constraining reionization-era Ly$α$ escape with JELS-MUSE: a highly complete H$α$-selected sample at $z\sim6.1$
2026arXiv260907025B,Between Little Red Dots and Star-Forming Galaxies: A Sequence in the Optical Continuum Slope
2026arXiv260909265C,A Spectral Framework for Testing the Quasi-Star Hypothesis in Little Red Dots I: Weighing LRDs by Their Super-Eddington Luminosity Ratios---No Signs of Overmassive Black Holes
2026arXiv260909271K,The Ashes of Supermassive Stars: Globular Cluster-like Aluminum Enhancement in Little Red Dots
2026arXiv260909274S,Overmassive No More: The Case for Little Red Dots Hosting Black Hole Seeds as Massive as Single Supermassive Stars
2026arXiv260909281R,Chasing Cosmic Reionization: An Extremely Faint Highly Magnified Source at $z=5.66$ with high $ξ_{\rm ion}$
2026arXiv260909459O,JWST Spectra Conclusively Show an Excess of Neutral Gas Outflows in Quiescent Galaxies at z=2-5
2026arXiv260911094T,"SPURS: An Ultra-deep View Inside the Compact, Nitrogen-Enriched Nuclei of Little Red Dots"
2026arXiv260911879D,Learning JWST. I. A Foundation Model for New Population Discoveries and Morphology-Aware Photometric Redshift Measurements in the JADES Survey
2026arXiv260912203O,NOEMA probes the [CII] and dust content in a 2175Å UV Bump Galaxy at $z=7.1$
2026arXiv260913444D,Host Galaxy UV Emission and Dust Reddening in Little Red Dots
2026arXiv260914574P,PRISMS. GHZ1. A standard tale of galaxy evolution with atypical ionizing conditions at $z=9.878$
2026arXiv260917673W,Chandra Lensing-cluster Ultradeep Extragalactic Survey (CLUES) I: A 2 Ms Point-Source Catalog of the Abell 2744 Field
2026arXiv260917680F,"A dense, metal-rich absorber driven by a heavily dust-obscured galaxy: The direct evidence of CGM enrichment at $z\sim7$"
2026arXiv260920021R,Little Red Dots as a Transient Phase of Self-Interacting Dark Matter Assisted Black Hole Growth
2026arXiv260920913T,Free-Free Radio Emission from Little Red Dots as a Probe of Ionized Gas
2026arXiv260920963R,Sown at Cosmic Dawn: Searching for Pop III Signatures in JWST JADES He II Selected Line Emitters
2026arXiv260921072P,"ALMA Chemical Evolution (ACE) Survey: Molecular gas properties of low-mass, low-metallicity galaxies at cosmic noon"
2026arXiv260922623W,Balmer Absorption Series and Broad Metal Lines in Two Luminous Little Red Dots
2026arXiv260923148P,"Surveying the Universe in 4D: Beating Cosmic Variance with Wide-Field Slitless Spectroscopy from HST, JWST, Euclid, Roman, and Beyond"
2026arXiv260924987A,"EPOCHS-DR2 I: Expanded data release and properties of $6.5&lt;z&lt;16.5$ photometrically selected galaxies across NIRCam deep fields covering $\sim700\,\rm arcmin^2$ with the galfind software"
2026arXiv260925349G,Calcium Triplet Absorption is Common around Little Red Dots
2026arXiv260926879B,EPIMETHEUS: Effective PSF inferred from mosaics
2026arXiv260927130S,Search for High-Ionization Nebular Emission (SHINE). I. A Systematically Selected [Ne V] Sample at z &gt; 3 with JWST/NIRSpec PRISM
2026arXiv260928474P,A sub-100 pc view at z~5 of a Multiply-Imaged Massive Quiescent Galaxy
2026yCat..37070352G,"VizieR Online Data Catalog: Escape fraction estimates of EoR galaxies (Giovinazzo+, 2026)"
2026yCat..37100364I,"VizieR Online Data Catalog: DeepDive + DJA QG catalog (Ito+, 2026)"
2026yCat..37110177S,"VizieR Online Data Catalog: Distant quiescent galaxies DJA data (Scarpe+, 2026)"
2026zndo..18486501R,vadimrusakov/specFitMSA: Initial public release
