bibcode,classification
2023ApJ...955L..12B,clean
2023ApJ...957L..15T,clean
2024A&A...682L..17X,clean
2024A&A...683L...4J,clean
2024A&A...685A..25A,clean
2024A&A...686A..63G,clean
2024A&A...687L..11S,clean
2024A&A...690A..70T,clean
2024A&A...691A..52K,clean
2024A&A...691A..69R,clean
2024A&A...691A.299G,clean
2024A&A...691A.310K,clean
2024ApJ...960L..10L,clean
2024ApJ...964L..10W,clean
2024ApJ...967L..23C,clean
2024ApJ...968...15L,clean
2024ApJ...968...38K,clean
2024ApJ...969L..13W,clean
2024ApJ...972..134M,clean
2024ApJ...973...47A,clean
2024ApJ...974..145S,clean
2024ApJ...974L..28B,clean
2024ApJ...975..178K,clean
2024ApJ...975..208T,clean
2024ApJ...976...70L,clean
2024ApJ...976..101S,clean
2024ApJ...977L..13B,clean
2024MNRAS.529.4728D,clean
2024MNRAS.531..997C,clean
2024MNRAS.533.1808W,clean
2024MNRAS.534..523C,clean
2024MNRAS.534.3552S,clean
2024arXiv240116451W,clean
2024arXiv241001874N,clean
2024arXiv241202527T,clean
2025A&A...693A..60H,clean
2025A&A...693A.309S,clean
2025A&A...695A..20S,clean
2025A&A...695A..90G,clean
2025A&A...696A..57O,clean
2025A&A...696A.193B,clean
2025A&A...697A.111I,clean
2025A&A...697A.160C,clean
2025A&A...697A.189D,clean
2025A&A...697L...1R,clean
2025A&A...698A..30A,clean
2025A&A...698A.227F,clean
2025A&A...698A.234D,clean
2025A&A...698A.302L,clean
2025A&A...699A..80H,clean
2025A&A...699A.164S,clean
2025A&A...699A.231S,clean
2025A&A...699A.343G,clean
2025A&A...699A.358V,clean
2025A&A...700A..12M,clean
2025A&A...700A..42E,clean
2025A&A...700A.231X,clean
2025A&A...700A.277C,clean
2025A&A...701A..30V,clean
2025A&A...701A.168D,clean
2025A&A...701A.260L,clean
2025A&A...702A...3G,clean
2025A&A...702A..33M,clean
2025A&A...702A..57H,clean
2025A&A...702A.110S,clean
2025A&A...702A.270B,clean
2025A&A...703A.208C,clean
2025A&A...704A.100G,clean
2025A&A...704A.147V,clean
2025A&A...704A.158C,clean
2025A&A...704A.313D,clean
2025A&A...704A.329P,clean
2025A&A...704A.339S,clean
2025A&G....66..1.4B,clean
2025ApJ...978..131W,clean
2025ApJ...978..136S,clean
2025ApJ...979..140W,clean
2025ApJ...979..168U,clean
2025ApJ...979L..13L,clean
2025ApJ...980...93J,clean
2025ApJ...980..138H,clean
2025ApJ...980..200W,clean
2025ApJ...980..225T,clean
2025ApJ...980..242S,clean
2025ApJ...981...78N,clean
2025ApJ...981..167S,clean
2025ApJ...982...14H,clean
2025ApJ...982...27Z,clean
2025ApJ...982..125C,clean
2025ApJ...983...11W,clean
2025ApJ...983..181M,clean
2025ApJ...983L...4F,clean
2025ApJ...983L..22K,clean
2025ApJ...984..121W,clean
2025ApJ...985...24C,clean
2025ApJ...986L..24J,clean
2025ApJ...987..189E,clean
2025ApJ...988...86Y,clean
2025ApJ...988L..19J,clean
2025ApJ...988L..35W,clean
2025ApJ...988L..72L,clean
2025ApJ...988L..76P,clean
2025ApJ...989...46F,clean
2025ApJ...989..209S,clean
2025ApJ...989L..35C,clean
2025ApJ...989L..50C,clean
2025ApJ...990..168L,clean
2025ApJ...990L..25A,clean
2025ApJ...991...74G,clean
2025ApJ...991..197X,clean
2025ApJ...991..217T,clean
2025ApJ...992...92B,clean
2025ApJ...993..106C,clean
2025ApJ...993..117T,clean
2025ApJ...993..169C,clean
2025ApJ...993..224D,clean
2025ApJ...993L..49S,clean
2025ApJ...994...65N,clean
2025ApJ...994..125B,clean
2025ApJ...994..212M,clean
2025ApJ...994..215H,clean
2025ApJ...994L..29Z,clean
2025ApJ...995...21T,clean
2025ApJ...995...43A,clean
2025ApJ...995...90C,clean
2025ApJ...995..118S,clean
2025ApJ...995..150K,clean
2025ApJ...995..204M,clean
2025ApJS..279...43C,clean
2025ApJS..280...62L,clean
2025MNRAS.536...51D,clean
2025MNRAS.536.1878P,clean
2025MNRAS.536.3677A,clean
2025MNRAS.537..112W,clean
2025MNRAS.537.1826T,clean
2025MNRAS.537.2535C,clean
2025MNRAS.537.3245B,clean
2025MNRAS.537.3453B,clean
2025MNRAS.538.1501I,clean
2025MNRAS.539..557B,clean
2025MNRAS.540..774D,clean
2025MNRAS.540.3493T,clean
2025MNRAS.541.1707T,clean
2025MNRAS.542..128B,clean
2025MNRAS.542..397L,clean
2025MNRAS.542.1136O,clean
2025MNRAS.542.1705A,clean
2025MNRAS.542.1952M,clean
2025MNRAS.542.3125S,clean
2025MNRAS.544.1412S,clean
2025MNRAS.544.4482R,clean
2025MUPB...80S..97C,clean
2025NatAs...9..280D,clean
2025NatAs...9..458M,clean
2025OJAp....8E.104K,clean
2025OJAp....8E.170M,clean
2025arXiv250205048L,clean
2025arXiv250509703M,clean
2025arXiv250719472B,clean
2025arXiv250719706M,clean
2025arXiv250804791F,clean
2025arXiv250816948E,clean
2025arXiv251006681C,clean
2025arXiv251007936H,clean
2025arXiv251011770F,clean
2025arXiv251025024M,clean
2025arXiv251103802D,clean
2025arXiv251105439S,clean
2025arXiv251107542A,clean
2025arXiv251108671G,clean
2025arXiv251109278W,clean
2025arXiv251114483N,clean
2025arXiv251120484M,clean
2025arXiv251120751L,clean
2025arXiv251205180Z,clean
2025arXiv251208054A,clean
2025arXiv251209139S,clean
2025arXiv251210839A,clean
2025arXiv251212509H,clean
2025arXiv251212813H,clean
2025arXiv251214881B,clean
2025arXiv251215127G,clean
2025zndo..16942038B,clean
2026A&A...705A.155C,clean
2026A&A...705A.214L,clean
2026A&A...705A.236M,clean
2026A&A...705L..12V,clean
2026A&A...706A..91B,clean
2026A&A...706A.300B,clean
2026A&A...706A.344S,clean
2026A&A...706A.363B,clean
2026A&A...707A..75T,clean
2026A&A...707A.352G,clean
2026A&A...708A..49S,clean
2026A&A...708A.102N,clean
2026A&A...708A.152L,clean
2026A&A...708A.203P,clean
2026A&A...708A.236M,clean
2026A&A...709A..46A,clean
2026A&A...709A.176W,clean
2026A&A...709A.199C,clean
2026A&A...709A.205S,clean
2026A&A...710A.122I,clean
2026A&A...710A.136N,clean
2026A&A...710A.158C,clean
2026A&A...710A.167P,clean
2026A&A...710A.290T,clean
2026A&A...710A.364I,clean
2026A&A...711A.112M,clean
2026A&A...711A.114W,clean
2026A&A...711A.177S,clean
2026A&A...711A.298P,clean
2026A&A...711A.301M,clean
2026A&A...712A..92P,clean
2026A&A...712A.113P,clean
2026A&A...712A.153B,clean
2026A&A...712A.169Z,clean
2026A&A...713A.121J,clean
2026AJ....171..191M,clean
2026ARA&A..64..179W,clean
2026ApJ...996...37P,clean
2026ApJ...996...93L,clean
2026ApJ...997...29K,clean
2026ApJ...997...48B,clean
2026ApJ...997..189B,clean
2026ApJ...997..252Z,clean
2026ApJ...998..133W,clean
2026ApJ...998..170Z,clean
2026ApJ...998..257M,clean
2026ApJ...998L...4S,clean
2026ApJ...999...15R,clean
2026ApJ..1000L...3L,clean
2026ApJ..1000L..18H,clean
2026ApJ..1000L..42Y,clean
2026ApJ..1001...38T,clean
2026ApJ..1001..107W,clean
2026ApJ..1001..235B,clean
2026ApJ..1001..236C,clean
2026ApJ..1002...74M,clean
2026ApJ..1002..129B,clean
2026ApJ..1002..136W,clean
2026ApJ..1002..159Y,clean
2026ApJ..1002L...4B,clean
2026ApJ..1002L..15C,clean
2026ApJ..1003...96B,clean
2026ApJ..1003..112B,clean
2026ApJ..1003..228S,clean
2026ApJ..1003L..41K,clean
2026ApJ..1004..153K,clean
2026ApJ..1004..185P,clean
2026ApJ..1004L...4C,clean
2026ApJ..1004L..35Z,clean
2026ApJ..1005...11W,clean
2026ApJ..1005..118W,clean
2026ApJ..1005..150L,clean
2026ApJ..1005..215A,clean
2026ApJ..1005L..22A,clean
2026ApJ..1005L..47B,clean
2026ApJ..1006..165B,clean
2026ApJ..1006..205R,clean
2026ApJ..1007...26L,clean
2026ApJ..1007...44Y,clean
2026ApJ..1007...61M,clean
2026ApJ..1007..141C,clean
2026ApJ..1007..203C,clean
2026ApJ..1008..258A,clean
2026ApJ..1008L..11C,clean
2026ApJ..1008L..22L,clean
2026ApJ..1008L..64M,clean
2026ApJS..285....1S,clean
2026ApJS..285...62Z,clean
2026MNRAS.545f1961L,clean
2026MNRAS.545f2087S,clean
2026MNRAS.546ag008D,clean
2026MNRAS.546ag213R,clean
2026MNRAS.546ag214T,clean
2026MNRAS.546f2284B,clean
2026MNRAS.547ag473V,clean
2026MNRAS.548ag533R,clean
2026MNRAS.548ag701R,clean
2026MNRAS.548ag703V,clean
2026MNRAS.548ag770B,clean
2026MNRAS.549ag788T,clean
2026MNRAS.549ag884Z,clean
2026MNRAS.550g1122L,clean
2026MNRAS.550g1170S,clean
2026MNRAS.550g1220I,clean
2026MNRAS.550g1235H,clean
2026MNRAS.551g1206K,clean
2026MNRAS.551g1537L,clean
2026MNRAS.551g1567D,clean
2026MNRAS.tmp.1475C,clean
2026MNRAS.tmp.1597R,clean
2026NatAs..10..448H,clean
2026NatAs..10..753Z,clean
2026NatAs..10.1232F,clean
2026NatAs.tmp..173C,clean
2026Natur.649..574R,clean
2026Natur.656..329N,clean
2026NewA..12702584P,clean
2026OJAp....956033N,clean
2026OJAp....958199C,clean
2026OJAp....962505S,clean
2026OJAp....965333A,clean
2026RAA....26i5020L,clean
2026RNAAS..10...83L,clean
2026RNAAS..10..144P,clean
2026arXiv260102861Z,clean
2026arXiv260104156C,clean
2026arXiv260106015Y,clean
2026arXiv260110573A,clean
2026arXiv260112413L,clean
2026arXiv260118864S,clean
2026arXiv260121833H,clean
2026arXiv260202323A,clean
2026arXiv260202485H,clean
2026arXiv260206024W,clean
2026arXiv260212325F,clean
2026arXiv260217329J,clean
2026arXiv260218068C,clean
2026arXiv260218558G,clean
2026arXiv260220247P,clean
2026arXiv260301370M,clean
2026arXiv260302317L,clean
2026arXiv260306409T,clean
2026arXiv260311338K,clean
2026arXiv260313471R,clean
2026arXiv260315841R,clean
2026arXiv260317667M,clean
2026arXiv260317967I,clean
2026arXiv260322277S,clean
2026arXiv260403370J,clean
2026arXiv260403563T,clean
2026arXiv260404284G,clean
2026arXiv260407440R,clean
2026arXiv260409399S,clean
2026arXiv260411677B,clean
2026arXiv260413408L,clean
2026arXiv260415002K,clean
2026arXiv260417963K,clean
2026arXiv260418504C,clean
2026arXiv260418522S,clean
2026arXiv260421007K,clean
2026arXiv260502493P,clean
2026arXiv260505327G,clean
2026arXiv260506770H,clean
2026arXiv260507976M,clean
2026arXiv260514313N,clean
2026arXiv260515189Z,clean
2026arXiv260515712L,clean
2026arXiv260530410C,clean
2026arXiv260602773Z,clean
2026arXiv260606575G,clean
2026arXiv260606585W,clean
2026arXiv260608782N,clean
2026arXiv260609726Y,clean
2026arXiv260609970J,clean
2026arXiv260612249W,clean
2026arXiv260612355M,clean
2026arXiv260612509S,clean
2026arXiv260612686K,clean
2026arXiv260613078P,clean
2026arXiv260616853B,clean
2026arXiv260617271W,clean
2026arXiv260621105Z,clean
2026arXiv260621361V,clean
2026arXiv260623778S,clean
2026arXiv260627853E,clean
2026arXiv260630711N,clean
2026arXiv260630787H,clean
2026arXiv260630802X,clean
2026arXiv260631515N,clean
2026arXiv260700084K,clean
2026arXiv260700982T,clean
2026arXiv260707698K,clean
2026arXiv260708264S,clean
2026arXiv260715515U,clean
2026arXiv260717424T,clean
2026arXiv260719057J,clean
2026arXiv260719970M,clean
2026arXiv260720606S,clean
2026arXiv260722834G,clean
2026arXiv260722835G,clean
2026arXiv260726269Y,clean
2026arXiv260801647S,clean
2026arXiv260805283M,clean
2026arXiv260810832K,clean
2026arXiv260812471T,clean
2026arXiv260812487B,clean
2026arXiv260812699C,clean
2026arXiv260814534K,clean
2026arXiv260814786H,clean
2026arXiv260816343O,clean
2026arXiv260821515C,clean
2026arXiv260821522B,clean
2026arXiv260823671P,clean
2026arXiv260824124S,clean
2026arXiv260825021M,clean
2026arXiv260830011K,clean
2026arXiv260900112K,clean
2026arXiv260900199N,clean
2026arXiv260901205C,clean
2026arXiv260901586P,clean
2026arXiv260902558P,clean
2026arXiv260907025B,clean
2026arXiv260907825D,clean
2026arXiv260909265C,clean
2026arXiv260909271K,clean
2026arXiv260909274S,clean
2026arXiv260909281R,clean
2026arXiv260909459O,clean
2026arXiv260911094T,clean
2026arXiv260911879D,clean
2026arXiv260912203O,clean
2026arXiv260913444D,clean
2026arXiv260914574P,clean
2026arXiv260917673W,clean
2026arXiv260917680F,clean
2026arXiv260920021R,clean
2026arXiv260920913T,clean
2026arXiv260920963R,clean
2026arXiv260921072P,clean
2026arXiv260922623W,clean
2026arXiv260923148P,clean
2026arXiv260924987A,clean
2026arXiv260925349G,clean
2026arXiv260926879B,clean
2026arXiv260927130S,clean
2026arXiv260928474P,clean
2026yCat..37070352G,clean
2026yCat..37100364I,clean
2026yCat..37110177S,clean
2026zndo..18486501R,clean
2023A&A...669A.109L,contaminants
2023A&A...673A...4B,contaminants
2023A&A...675A..39P,contaminants
2023AJ....165...85W,contaminants
2023AcA....73..159M,contaminants
2023MNRAS.518.4845J,contaminants
2023MNRAS.520.3649H,contaminants
2023MNRAS.523.1163F,contaminants
2023MNRAS.524.1113S,contaminants
2023MNRAS.524.3877H,contaminants
2023MNRAS.524.5804A,contaminants
2023MNRAS.526..548O,contaminants
2024A&A...685A..56S,contaminants
2024ApJ...976..181H,contaminants
2024MNRAS.527.2413P,contaminants
2024MNRAS.527.4018H,contaminants
2024MNRAS.527.8305K,contaminants
2024MNRAS.528.6538P,contaminants
2024MNRAS.531.4085F,contaminants
2024MNRAS.533.2823H,contaminants
2024arXiv240406958S,contaminants
2024arXiv240609957B,contaminants
2024arXiv240815307D,contaminants
2025A&A...693A.144G,contaminants
2025ApJ...983...97C,contaminants
2025ExA....59...26R,contaminants
2025MNRAS.538.1301P,contaminants
2025MNRAS.543.4312K,contaminants
2025arXiv251014083A,contaminants
2025arXiv251213773G,contaminants
2026A&A...705A.210A,contaminants
2026Icar..45617134Y,contaminants
2026JCAP...09..055A,contaminants
2026JGRE..13109146S,contaminants
2026MNRAS.546ag115J,contaminants
2026MNRAS.546ag232K,contaminants
2026MNRAS.546ag258P,contaminants
2026MNRAS.550g1216P,contaminants
2026MNRAS.tmp.1617L,contaminants
2026arXiv260404042Z,contaminants
2026arXiv260630691K,contaminants
2026arXiv260818962T,contaminants
2026arXiv260902574K,contaminants
2026arXiv260924567M,contaminants
2026enap....1..520G,contaminants
