bibcode,photometry,spectroscopy,ads_url
2026arXiv260902558P,False,True,https://ui.adsabs.harvard.edu/abs/2026arXiv260902558P/abstract
2026arXiv260907825D,True,True,https://ui.adsabs.harvard.edu/abs/2026arXiv260907825D/abstract
2025NatAs...9..458M,True,True,https://ui.adsabs.harvard.edu/abs/2025NatAs...9..458M/abstract
2025A&A...697A.160C,True,True,https://ui.adsabs.harvard.edu/abs/2025A&A...697A.160C/abstract
2025A&A...698A.302L,True,True,https://ui.adsabs.harvard.edu/abs/2025A&A...698A.302L/abstract
2026ApJ..1007...26L,False,True,https://ui.adsabs.harvard.edu/abs/2026ApJ..1007...26L/abstract
2026A&A...705A.214L,True,False,https://ui.adsabs.harvard.edu/abs/2026A&A...705A.214L/abstract
2026arXiv260317967I,True,True,https://ui.adsabs.harvard.edu/abs/2026arXiv260317967I/abstract
2026ApJ..1001..107W,True,False,https://ui.adsabs.harvard.edu/abs/2026ApJ..1001..107W/abstract
2026ApJ..1001..235B,True,False,https://ui.adsabs.harvard.edu/abs/2026ApJ..1001..235B/abstract
2026arXiv260415002K,True,False,https://ui.adsabs.harvard.edu/abs/2026arXiv260415002K/abstract
2026MNRAS.548ag703V,True,False,https://ui.adsabs.harvard.edu/abs/2026MNRAS.548ag703V/abstract
2026MNRAS.550g1170S,True,False,https://ui.adsabs.harvard.edu/abs/2026MNRAS.550g1170S/abstract
2026arXiv260823671P,True,False,https://ui.adsabs.harvard.edu/abs/2026arXiv260823671P/abstract
