bibcode,from_table,to_table,ads_url
2026arXiv260404284G,contaminants,clean,https://ui.adsabs.harvard.edu/abs/2026arXiv260404284G/abstract
2026arXiv260621361V,contaminants,clean,https://ui.adsabs.harvard.edu/abs/2026arXiv260621361V/abstract
2026A&A...711A.301M,contaminants,clean,https://ui.adsabs.harvard.edu/abs/2026A&A...711A.301M/abstract
2026arXiv260821522B,contaminants,clean,https://ui.adsabs.harvard.edu/abs/2026arXiv260821522B/abstract
2026arXiv260922623W,contaminants,clean,https://ui.adsabs.harvard.edu/abs/2026arXiv260922623W/abstract
2024A&A...683L...4J,contaminants,clean,https://ui.adsabs.harvard.edu/abs/2024A&A...683L...4J/abstract
2024MNRAS.533.1808W,contaminants,clean,https://ui.adsabs.harvard.edu/abs/2024MNRAS.533.1808W/abstract
2024MNRAS.534..523C,contaminants,clean,https://ui.adsabs.harvard.edu/abs/2024MNRAS.534..523C/abstract
2024MNRAS.534.3552S,contaminants,clean,https://ui.adsabs.harvard.edu/abs/2024MNRAS.534.3552S/abstract
2024arXiv241202527T,contaminants,clean,https://ui.adsabs.harvard.edu/abs/2024arXiv241202527T/abstract
2025ApJ...979..140W,contaminants,clean,https://ui.adsabs.harvard.edu/abs/2025ApJ...979..140W/abstract
2025ApJ...980..242S,contaminants,clean,https://ui.adsabs.harvard.edu/abs/2025ApJ...980..242S/abstract
2025MNRAS.537..112W,contaminants,clean,https://ui.adsabs.harvard.edu/abs/2025MNRAS.537..112W/abstract
2025NatAs...9..280D,contaminants,clean,https://ui.adsabs.harvard.edu/abs/2025NatAs...9..280D/abstract
2025arXiv250205048L,contaminants,clean,https://ui.adsabs.harvard.edu/abs/2025arXiv250205048L/abstract
2025ApJ...982...14H,contaminants,clean,https://ui.adsabs.harvard.edu/abs/2025ApJ...982...14H/abstract
2025ApJ...983L...4F,contaminants,clean,https://ui.adsabs.harvard.edu/abs/2025ApJ...983L...4F/abstract
2025arXiv250509703M,contaminants,clean,https://ui.adsabs.harvard.edu/abs/2025arXiv250509703M/abstract
2025A&A...698A.234D,contaminants,clean,https://ui.adsabs.harvard.edu/abs/2025A&A...698A.234D/abstract
2025OJAp....8E.104K,contaminants,clean,https://ui.adsabs.harvard.edu/abs/2025OJAp....8E.104K/abstract
2025arXiv250719472B,contaminants,clean,https://ui.adsabs.harvard.edu/abs/2025arXiv250719472B/abstract
2025arXiv250719706M,contaminants,clean,https://ui.adsabs.harvard.edu/abs/2025arXiv250719706M/abstract
2025A&A...699A.164S,contaminants,clean,https://ui.adsabs.harvard.edu/abs/2025A&A...699A.164S/abstract
2025A&A...700A.231X,contaminants,clean,https://ui.adsabs.harvard.edu/abs/2025A&A...700A.231X/abstract
2025MNRAS.542.3125S,contaminants,clean,https://ui.adsabs.harvard.edu/abs/2025MNRAS.542.3125S/abstract
2025arXiv250804791F,contaminants,clean,https://ui.adsabs.harvard.edu/abs/2025arXiv250804791F/abstract
2025arXiv250816948E,contaminants,clean,https://ui.adsabs.harvard.edu/abs/2025arXiv250816948E/abstract
2025A&A...701A.168D,contaminants,clean,https://ui.adsabs.harvard.edu/abs/2025A&A...701A.168D/abstract
2025MNRAS.542..128B,contaminants,clean,https://ui.adsabs.harvard.edu/abs/2025MNRAS.542..128B/abstract
2025arXiv251015024L,contaminants,clean,https://ui.adsabs.harvard.edu/abs/2025arXiv251015024L/abstract
2025arXiv251006681C,contaminants,clean,https://ui.adsabs.harvard.edu/abs/2025arXiv251006681C/abstract
2025arXiv251025024M,contaminants,clean,https://ui.adsabs.harvard.edu/abs/2025arXiv251025024M/abstract
2025arXiv251011770F,contaminants,clean,https://ui.adsabs.harvard.edu/abs/2025arXiv251011770F/abstract
2025arXiv251103802D,contaminants,clean,https://ui.adsabs.harvard.edu/abs/2025arXiv251103802D/abstract
2025arXiv251108671G,contaminants,clean,https://ui.adsabs.harvard.edu/abs/2025arXiv251108671G/abstract
2025arXiv251120484M,contaminants,clean,https://ui.adsabs.harvard.edu/abs/2025arXiv251120484M/abstract
2025arXiv251109278W,contaminants,clean,https://ui.adsabs.harvard.edu/abs/2025arXiv251109278W/abstract
2025arXiv251205180Z,contaminants,clean,https://ui.adsabs.harvard.edu/abs/2025arXiv251205180Z/abstract
2025arXiv251214881B,contaminants,clean,https://ui.adsabs.harvard.edu/abs/2025arXiv251214881B/abstract
2025arXiv251210839A,contaminants,clean,https://ui.adsabs.harvard.edu/abs/2025arXiv251210839A/abstract
2025A&A...704A.147V,contaminants,clean,https://ui.adsabs.harvard.edu/abs/2025A&A...704A.147V/abstract
2025ApJ...995..204M,contaminants,clean,https://ui.adsabs.harvard.edu/abs/2025ApJ...995..204M/abstract
2025arXiv251212509H,contaminants,clean,https://ui.adsabs.harvard.edu/abs/2025arXiv251212509H/abstract
2025MNRAS.544.1412S,contaminants,clean,https://ui.adsabs.harvard.edu/abs/2025MNRAS.544.1412S/abstract
2026arXiv260104156C,contaminants,clean,https://ui.adsabs.harvard.edu/abs/2026arXiv260104156C/abstract
2026A&A...705A.214L,contaminants,clean,https://ui.adsabs.harvard.edu/abs/2026A&A...705A.214L/abstract
2026arXiv260118864S,contaminants,clean,https://ui.adsabs.harvard.edu/abs/2026arXiv260118864S/abstract
2026OJAp....956033N,contaminants,clean,https://ui.adsabs.harvard.edu/abs/2026OJAp....956033N/abstract
2026OJAp....958199C,contaminants,clean,https://ui.adsabs.harvard.edu/abs/2026OJAp....958199C/abstract
2026ApJ...998..133W,contaminants,clean,https://ui.adsabs.harvard.edu/abs/2026ApJ...998..133W/abstract
2026A&A...707A..75T,contaminants,clean,https://ui.adsabs.harvard.edu/abs/2026A&A...707A..75T/abstract
2026arXiv260217329J,contaminants,clean,https://ui.adsabs.harvard.edu/abs/2026arXiv260217329J/abstract
2026arXiv260206024W,contaminants,clean,https://ui.adsabs.harvard.edu/abs/2026arXiv260206024W/abstract
2026arXiv260218558G,contaminants,clean,https://ui.adsabs.harvard.edu/abs/2026arXiv260218558G/abstract
2026arXiv260218068C,contaminants,clean,https://ui.adsabs.harvard.edu/abs/2026arXiv260218068C/abstract
2026A&A...706A.363B,contaminants,clean,https://ui.adsabs.harvard.edu/abs/2026A&A...706A.363B/abstract
2026arXiv260220247P,contaminants,clean,https://ui.adsabs.harvard.edu/abs/2026arXiv260220247P/abstract
2026arXiv260315841R,contaminants,clean,https://ui.adsabs.harvard.edu/abs/2026arXiv260315841R/abstract
2026arXiv260301370M,contaminants,clean,https://ui.adsabs.harvard.edu/abs/2026arXiv260301370M/abstract
2026arXiv260322277S,contaminants,clean,https://ui.adsabs.harvard.edu/abs/2026arXiv260322277S/abstract
2026arXiv260313471R,contaminants,clean,https://ui.adsabs.harvard.edu/abs/2026arXiv260313471R/abstract
2026arXiv260403563T,contaminants,clean,https://ui.adsabs.harvard.edu/abs/2026arXiv260403563T/abstract
2026arXiv260418504C,contaminants,clean,https://ui.adsabs.harvard.edu/abs/2026arXiv260418504C/abstract
2026arXiv260418522S,contaminants,clean,https://ui.adsabs.harvard.edu/abs/2026arXiv260418522S/abstract
2026A&A...708A.236M,contaminants,clean,https://ui.adsabs.harvard.edu/abs/2026A&A...708A.236M/abstract
2026arXiv260409399S,contaminants,clean,https://ui.adsabs.harvard.edu/abs/2026arXiv260409399S/abstract
2026arXiv260403370J,contaminants,clean,https://ui.adsabs.harvard.edu/abs/2026arXiv260403370J/abstract
2026A&A...709A..46A,contaminants,clean,https://ui.adsabs.harvard.edu/abs/2026A&A...709A..46A/abstract
2026OJAp....962505S,contaminants,clean,https://ui.adsabs.harvard.edu/abs/2026OJAp....962505S/abstract
2026A&A...709A.176W,contaminants,clean,https://ui.adsabs.harvard.edu/abs/2026A&A...709A.176W/abstract
2026arXiv260502493P,contaminants,clean,https://ui.adsabs.harvard.edu/abs/2026arXiv260502493P/abstract
2026arXiv260515712L,contaminants,clean,https://ui.adsabs.harvard.edu/abs/2026arXiv260515712L/abstract
2026arXiv260515189Z,contaminants,clean,https://ui.adsabs.harvard.edu/abs/2026arXiv260515189Z/abstract
2026ApJ..1002..136W,contaminants,clean,https://ui.adsabs.harvard.edu/abs/2026ApJ..1002..136W/abstract
2026ApJ..1002L...4B,contaminants,clean,https://ui.adsabs.harvard.edu/abs/2026ApJ..1002L...4B/abstract
2026arXiv260612249W,contaminants,clean,https://ui.adsabs.harvard.edu/abs/2026arXiv260612249W/abstract
2026arXiv260617271W,contaminants,clean,https://ui.adsabs.harvard.edu/abs/2026arXiv260617271W/abstract
2026arXiv260630711N,contaminants,clean,https://ui.adsabs.harvard.edu/abs/2026arXiv260630711N/abstract
2026arXiv260613078P,contaminants,clean,https://ui.adsabs.harvard.edu/abs/2026arXiv260613078P/abstract
2026arXiv260609726Y,contaminants,clean,https://ui.adsabs.harvard.edu/abs/2026arXiv260609726Y/abstract
2026A&A...710A.290T,contaminants,clean,https://ui.adsabs.harvard.edu/abs/2026A&A...710A.290T/abstract
2026arXiv260609970J,contaminants,clean,https://ui.adsabs.harvard.edu/abs/2026arXiv260609970J/abstract
2026arXiv260602773Z,contaminants,clean,https://ui.adsabs.harvard.edu/abs/2026arXiv260602773Z/abstract
2026arXiv260627853E,contaminants,clean,https://ui.adsabs.harvard.edu/abs/2026arXiv260627853E/abstract
2026arXiv260612355M,contaminants,clean,https://ui.adsabs.harvard.edu/abs/2026arXiv260612355M/abstract
2026arXiv260700084K,contaminants,clean,https://ui.adsabs.harvard.edu/abs/2026arXiv260700084K/abstract
2026ApJ..1003..112B,contaminants,clean,https://ui.adsabs.harvard.edu/abs/2026ApJ..1003..112B/abstract
2026arXiv260630787H,contaminants,clean,https://ui.adsabs.harvard.edu/abs/2026arXiv260630787H/abstract
2026arXiv260606585W,contaminants,clean,https://ui.adsabs.harvard.edu/abs/2026arXiv260606585W/abstract
2026arXiv260630802X,contaminants,clean,https://ui.adsabs.harvard.edu/abs/2026arXiv260630802X/abstract
2026MNRAS.549ag884Z,contaminants,clean,https://ui.adsabs.harvard.edu/abs/2026MNRAS.549ag884Z/abstract
2026ApJ..1005L..47B,contaminants,clean,https://ui.adsabs.harvard.edu/abs/2026ApJ..1005L..47B/abstract
2026arXiv260719057J,contaminants,clean,https://ui.adsabs.harvard.edu/abs/2026arXiv260719057J/abstract
2026arXiv260700982T,contaminants,clean,https://ui.adsabs.harvard.edu/abs/2026arXiv260700982T/abstract
2026A&A...712A.153B,contaminants,clean,https://ui.adsabs.harvard.edu/abs/2026A&A...712A.153B/abstract
2026arXiv260814786H,contaminants,clean,https://ui.adsabs.harvard.edu/abs/2026arXiv260814786H/abstract
2026arXiv260830011K,contaminants,clean,https://ui.adsabs.harvard.edu/abs/2026arXiv260830011K/abstract
2026MNRAS.tmp.1475C,contaminants,clean,https://ui.adsabs.harvard.edu/abs/2026MNRAS.tmp.1475C/abstract
2026arXiv260816343O,contaminants,clean,https://ui.adsabs.harvard.edu/abs/2026arXiv260816343O/abstract
2026ARA&A..64..179W,contaminants,clean,https://ui.adsabs.harvard.edu/abs/2026ARA&A..64..179W/abstract
2026arXiv260925349G,contaminants,clean,https://ui.adsabs.harvard.edu/abs/2026arXiv260925349G/abstract
2026arXiv260911879D,contaminants,clean,https://ui.adsabs.harvard.edu/abs/2026arXiv260911879D/abstract
2026arXiv260924987A,contaminants,clean,https://ui.adsabs.harvard.edu/abs/2026arXiv260924987A/abstract
2026arXiv260914574P,contaminants,clean,https://ui.adsabs.harvard.edu/abs/2026arXiv260914574P/abstract
2026arXiv260917673W,contaminants,clean,https://ui.adsabs.harvard.edu/abs/2026arXiv260917673W/abstract
2026arXiv260920963R,contaminants,clean,https://ui.adsabs.harvard.edu/abs/2026arXiv260920963R/abstract
2026arXiv260911094T,contaminants,clean,https://ui.adsabs.harvard.edu/abs/2026arXiv260911094T/abstract
2026arXiv260923148P,contaminants,clean,https://ui.adsabs.harvard.edu/abs/2026arXiv260923148P/abstract
